"","Month","Crude_oil","Sugar","Soybeans","Wheat","Beef","Rubber","Cocoa_beans","Gold","USD_EUR","Ice_cream","Unemployment","recession_bool","which_recession"
"2","Mar 2001",-0.0814977973568282,-0.0909090909090908,-0.025,0.0217770034843205,0.03125,-0.05,0.258426966292135,0.00442967884828338,-0.0132536664856057,0.0141313383208646,4.3,0,0
"3","Apr 2001",0.0279776179056754,-0.05,-0.0461538461538461,0.00549398503362708,0,0.0175438596491229,-0.0357142857142857,-0.00969471162985192,-0.0173951337663768,-0.0024590163934427,4.4,1,1
"4","May 2001",0.0711508553654745,0.105263157894737,-0.010752688172043,0.043523316062176,0.0151515151515151,0.0517241379310345,0,0.0456081081081081,-0.0192717086834734,-0.00493015612161041,4.3,1,1
"5","Jun 2001",-0.0210526315789474,-0.0476190476190476,0.0217391304347827,-0.0120971382143179,0.0199004975124377,0.0163934426229508,-0.101851851851852,-0.00782053164928764,-0.0254769793213755,0.0192678227360308,4.5,1,1
"6","Jul 2001",-0.0804597701149424,-0.05,0.106382978723404,-0.00996070547381889,0.0341463414634149,-0.0322580645161291,0,-0.00999148873182121,0.00996483001172344,0.00459087226573063,4.6,1,1
"7","Aug 2001",0.0411290322580644,-0.0526315789473685,0.0192307692307692,-0.0380284290197527,0.0424528301886791,-0.0166666666666667,0.0618556701030928,0.0181661869696856,0.0463145676146255,0.0325268817204301,4.9,1,1
"8","Sep 2001",-0.0236250968241672,-0.0555555555555555,-0.0471698113207547,-0.00997889080790626,0.0678733031674208,-0.0169491525423729,-0.00970873786407767,0.0404934101839276,0.0110938540048813,-0.00676907055454312,5,1,1
"9","Oct 2001",-0.177707259024197,-0.11764705882353,-0.0742574257425742,0.0159914712153517,-0.0381355932203389,-0.0689655172413792,0.0588235294117647,-0.00127019970362008,-0.00702216370419129,0.002359108781127,5.3,1,1
"10","Nov 2001",-0.0984081041968161,0.133333333333334,0.0106951871657754,0.0187923304397597,0.00440528634361215,-0.0555555555555556,0.138888888888889,-0.0243764572882074,-0.0184530386740333,-0.0944037656903766,5.5,1,1
"11","Dec 2001",-0.00909577314071708,0,0,-0.022752808988764,-0.0526315789473683,-0.0392156862745099,0.0894308943089432,-0.0011225376593279,0.00326466283913085,0.107710077967081,5.7,0,0
"12","Jan 2002",0.0340172786177104,0,-0.00529100529100535,0.0174379610999329,0.0231481481481481,0.163265306122449,0.0373134328358207,0.0205183976798984,-0.00897666068222625,-0.107142857142857,5.7,0,0
"13","Feb 2002",0.0433420365535249,-0.176470588235294,-0.00531914893617025,-0.0221301440813635,0.00904977375565608,0.0877192982456141,0.0719424460431655,0.0496962807715535,-0.0141530797101449,0.112408759124088,5.7,0,0
"14","Mar 2002",0.183183183183183,0.0714285714285714,0.0213903743315509,-0.0124229583975347,0.0538116591928253,0.0806451612903227,0.0671140939597317,-0.00487309644670053,0.00677615711496493,0.0023622047244094,5.7,0,0
"15","Apr 2002",0.0757191201353637,0,0.0209424083769634,0.0219405168210629,-0.0425531914893618,0,-0.0125786163522013,0.0293137454941168,0.0107232489162674,-0.0251374705420268,5.9,0,0
"16","May 2002",0.00943767204089663,-0.133333333333333,0.0102564102564102,-0.00667938931297718,-0.0577777777777777,0.044776119402985,0.0191082802547771,0.0390181049292984,0.0349887133182845,0.0206822455009401,5.8,0,0
"17","Jun 2002",-0.0459680560966109,0,0.015228426395939,0.10864553314121,-0.0283018867924528,0.2,0.0374999999999999,0.0212725364876467,0.0426390403489638,-0.0126315789473684,5.8,0,0
"18","Jul 2002",0.051449571253573,0.0769230769230771,0.0900000000000001,0.149293822025821,0.0339805825242718,-0.0119047619047619,0.126506024096386,-0.0245656641135811,0.0391172471498797,0.0349147121535183,5.8,0,0
"19","Aug 2002",0.04,0,0.0412844036697249,0.127940289505428,-0.0140845070422534,0.036144578313253,0.0481283422459893,-0.00967155032078915,-0.0155007549068948,-0.0257532835436518,5.7,0,0
"20","Sep 2002",0.0560119492158326,0.0714285714285714,0.0396475770925111,0.158612392219771,-0.0285714285714286,0.0348837209302326,0.102040816326531,0.0286211564494294,0.00255597587158785,0.0298704731694421,5.7,0,0
"21","Oct 2002",-0.0265205091937765,0.133333333333334,-0.0296610169491526,0.0386523595246335,-0.0686274509803922,-0.0674157303370787,0.0185185185185186,-0.00808422635833794,0.000611870283499849,-0.143737166324435,5.7,0,0
"22","Nov 2002",-0.108608790410461,0,0.0611353711790392,-0.0875361030882026,0.00526315789473686,0.0120481927710843,-0.177272727272727,0.0079289866060146,0.0204851202609051,0.143884892086331,5.9,0,0
"23","Dec 2002",0.136511817440913,0.0588235294117645,-0.00823045267489708,-0.0917944971999027,0.0523560209424083,0.0119047619047619,0.121546961325967,0.0402732942614474,0.018076500549286,-0.0154612159329139,6,0,0
"24","Jan 2003",0.102545715310147,0,0.0124481327800829,-0.0584450402144772,0.0149253731343284,0.0705882352941176,0.0738916256157638,0.0751385876114727,0.041985481655876,-0.00133084908171421,5.8,0,0
"25","Feb 2003",0.0692682926829269,0.111111111111111,-0.00409836065573765,0.00839977220956722,-0.0245098039215687,0.0879120879120878,0.0458715596330272,0.00591268284481306,0.0153455093202786,0.00959488272921116,5.9,0,0
"26","Mar 2003",-0.0766423357664234,-0.1,-0.00823045267489708,-0.0876041225469434,0.0150753768844221,0.0707070707070707,-0.144736842105263,-0.0513134802351172,0.00111265646731584,0.016895459345301,5.9,0,0
"27","Apr 2003",-0.158102766798419,-0.0555555555555555,0.04149377593361,-0.0247582205029013,-0.0247524752475248,-0.0566037735849058,-0.0153846153846154,-0.0363235941858758,0.00602019079373894,-0.144340602284527,6,0,0
"28","May 2003",0.0195618153364632,-0.0588235294117647,-0.00398406374501992,0.0396667988893298,-0.0456852791878173,0,-0.09375,0.0837954780912913,0.0638924691585343,0.134405339805825,6.1,0,0
"29","Jun 2003",0.0713737528779741,-0.0625,-0.044,-0.0983594048073255,-0.00531914893617014,0.03,-0.0977011494252873,0.0018837156995053,0.0102111457251644,0.0179192297405724,6.3,0,0
"30","Jul 2003",0.023997134670487,0,-0.0376569037656904,-0.0201421800947867,0.0213903743315507,-0.029126213592233,-0.00636942675159236,-0.0149572049950892,-0.0264690765804351,0.0417761429322123,6.2,0,0
"31","Aug 2003",0.0381252186079049,0,0.0304347826086957,0.152876144411815,0.104712041884817,0.05,-0.00641025641025639,0.0249273545666913,-0.0184777826660801,0.00277427490542248,6.1,0,0
"32","Sep 2003",-0.0943396226415094,-0.133333333333333,0.113924050632911,-0.0212016781540304,0.075829383886256,0.0571428571428572,0.0580645161290321,0.0533118381187982,0.0100403406544152,-0.0211267605633803,6.1,0,0
"33","Oct 2003",0.0792410714285716,0,0.174242424242424,-0.0045158821278225,0.026431718061674,0.171171171171171,-0.0975609756097561,-7.91661169018409e-05,0.0396733824443063,-0.00359712230215825,6,0,0
"34","Nov 2003",0.00379179593243717,0,0.0548387096774194,0.0868060894971552,0.111587982832618,-0.0153846153846154,0.0202702702702704,0.0290034835849255,-0.000341471743213195,-0.0051572975760702,5.8,0,0
"35","Dec 2003",0.0291895604395604,0.0769230769230771,0.0152905198776758,0.0263176512203749,-0.0154440154440154,-0.015625,0.0794701986754967,0.0437023928598907,0.0502134927412468,0.0103680663556247,5.7,0,0
"36","Jan 2004",0.0467133800467134,-0.0714285714285715,0.0542168674698795,0.0153029571930792,-0.00392156862745086,-0.0158730158730159,0,0.0168079616660524,0.0276467718328184,-0.0528476141611083,5.7,0,0
"37","Feb 2004",-0.00127510360216776,0,0.0514285714285714,-0.0377486591078824,-0.0590551181102362,0.032258064516129,-0.0368098159509201,-0.0215326614949612,0.000158252888115218,0.0314192849404116,5.6,0,0
"38","Mar 2004",0.0746887966804981,0.0769230769230771,0.122282608695652,0.00578564876878596,-0.0209205020920503,0.0390625,-0.0445859872611465,0.00442106303102152,-0.0299841772151899,-0.042016806722689,5.8,0,0
"39","Apr 2004",0.00118800118800122,0.0714285714285714,-0.13317191283293,0.024622939319537,0.0384615384615385,0.0300751879699248,-0.04,-0.00838517717067899,-0.022184161161406,0.0457785087719298,5.6,0,0
"40","May 2004",0.114209433402551,-0.0666666666666665,-0.11731843575419,-0.019717924140764,0.102880658436214,-0.0145985401459854,-0.013888888888889,-0.0483063036254526,0.000917507715405774,-0.018610747051114,5.6,0,0
"41","Jun 2004",-0.0537806176783814,0.0714285714285714,-0.0664556962025317,-0.0441402430507054,0.0298507462686566,0.0148148148148148,-0.0140845070422535,0.0223826150398667,0.0121666666666667,0.0355235042735043,5.6,0,0
"42","Jul 2004",0.0661226786719189,0.133333333333334,-0.0542372881355933,-0.0326611135466902,0.0181159420289856,-0.0656934306569343,0.114285714285714,0.0145780768152508,0.00987979581755316,0.0384317771472789,5.5,0,0
"43","Aug 2004",0.110583267352864,0,-0.0501792114695341,-0.07802704131732,0.0391459074733096,-0.0390625,0.108974358974359,0.00607902735562305,-0.00611446274254024,0.0062096373571785,5.4,0,0
"44","Sep 2004",-0.0114068441064638,0,-0.0188679245283019,0.0389972144846795,0.0034246575342467,0.00813008130081294,-0.104046242774566,0.0119098149858929,0.00270691493724873,-0.0204887682053815,5.4,0,0
"45","Oct 2004",0.126923076923077,0.117647058823529,-0.0423076923076923,-0.029648320454187,-0.0477815699658704,0.0241935483870968,-0.0451612903225806,0.0374555862613501,0.0231511780104712,-0.0448588709677419,5.5,0,0
"46","Nov 2004",-0.10132252559727,-0.0526315789473685,0.0441767068273093,0.0330732975784169,-0.00716845878136196,-0.031496062992126,0.121621621621621,0.0449983351567331,0.0391780602862399,-0.00343007915567284,5.4,0,0
"47","Dec 2004",-0.0733444101590316,0,0.0192307692307692,-0.0281601510265083,-0.0216606498194946,-0.040650406504065,0,0.0061450225317492,0.0314688004924213,0.0190627482128674,5.4,0,0
"48","Jan 2005",0.100665983606557,0.0555555555555556,-0.0132075471698113,-0.00623229461756369,-0.00738007380073802,0,-0.0662650602409638,-0.0408297140788998,-0.0211099507683127,0.00623538581449723,5.3,0,0
"49","Feb 2005",0.0430532929951128,0.0526315789473684,-0.00191204588910132,0.00285062713797024,0.00371747211895923,0.0677966101694916,0.0516129032258064,-0.00160366011838775,-0.0083822296730931,-0.0214304156984251,5.4,0,0
"50","Mar 2005",0.136546184738956,0,0.111111111111111,0.0554698286364006,0.0185185185185184,0.0476190476190477,0.0797546012269938,0.0248021731427897,0.0132175516790902,-0.0358839050131926,5.2,0,0
"51","Apr 2005",-0.005889281507656,-0.05,-0.0241379310344828,-0.0761772853185596,-0.00363636363636355,-0.00757575757575757,-0.0965909090909091,-0.0106488417655872,-0.0183541903678422,0.0322933771209633,5.2,0,0
"52","May 2005",-0.0554897314375988,0,0,-0.00757954356155255,0.0109489051094889,0.0381679389312977,-0.050314465408805,-0.0171469841343802,-0.0190064127327513,0.0466595970307531,5.1,0,0
"53","Jun 2005",0.126698724649801,0.0526315789473684,0.0812720848056536,0.0278640369282417,0.00361010830324893,0.0735294117647058,0.0198675496688743,0.0208358024984001,-0.0426872489564464,-0.0833333333333333,5,0,0
"54","Jul 2005",0.0460196696975319,0.0499999999999998,-0.0261437908496732,0.0627908875643015,0.010791366906475,0.157534246575342,-0.0324675324675325,-0.0143500673385037,-0.00937885643767999,0.0425531914893618,5,0,0
"55","Aug 2005",0.097924427887174,0.0476190476190477,-0.0805369127516778,0.0107559926244623,-0.0177935943060499,-0.0532544378698224,-0.00671140939597314,0.0316858273652469,0.021094593472303,0.00609594487145504,4.9,0,0
"56","Sep 2005",-0.00323153982872848,0.0454545454545454,-0.0401459854014599,0.0443143812709028,-0.00362318840579701,0.0625,0.0135135135135136,0.0413764756924622,-0.00496136640910938,-0.00316122233930449,5,0,0
"57","Oct 2005",-0.0567352893499757,0.0869565217391304,-0.0228136882129277,0.0413421646408036,-0.0181818181818181,0,-0.0266666666666667,0.0303694770310272,-0.0173287559261076,-0.020877378435518,5,0,0
"58","Nov 2005",-0.0541330125451108,0,-0.00486381322957197,-0.0469700146781296,0,-0.0588235294117646,-0.0136986301369864,0.0144073207065334,-0.0193811345865912,-0.0515519568151148,5,0,0
"59","Dec 2005",0.0252543604651163,0.16,0.032258064516129,0.0266960029336267,-0.0185185185185186,0.0499999999999998,0.0486111111111112,0.0701323766966664,0.00610738824327761,0.0503699487763234,4.9,0,0
"60","Jan 2006",0.106858054226475,0.206896551724138,-0.0265151515151515,0.032716622615901,-0.011320754716981,0.119047619047619,0.0397350993377483,0.0779455008821799,0.0223421296686619,0.00325115144947175,4.7,0,0
"61","Feb 2006",-0.0441882804995196,0.142857142857143,0,0.0990523621774919,0.0114503816793892,0.095744680851064,-0.0127388535031847,0.00934783399410755,-0.0153389411182583,0.0170132325141776,4.8,0,0
"62","Mar 2006",0.0206030150753769,-0.05,0,-0.019510353074454,-0.011320754716981,0.00485436893203883,0,0.00376576576576593,0.00737018425460656,0.00424853956452464,4.7,0,0
"63","Apr 2006",0.115542425734449,0.0263157894736843,0.00389105058365757,0.0347904230053278,-0.00763358778625955,0.0338164251207731,0,0.0961424545405589,0.0203691386764218,-0.0423056583818086,4.7,0,0
"64","May 2006",0.0104457849051054,-0.0512820512820513,0.0310077519379846,0.0954655418398362,0.00769230769230766,0.144859813084112,0.032258064516129,0.106018177352002,0.040250957386132,0.0143567090005523,4.6,0,0
"65","Jun 2006",-0.00567850902737332,-0.081081081081081,0.00375939849624052,0.00181200453001118,-0.0190839694656489,0.102040816326531,0.00625000000000009,-0.117324804927523,-0.00830265528315188,0.0508982035928145,4.6,0,0
"66","Jul 2006",0.060916678869527,0.0294117647058822,0.0177902621722847,0.0250395659054941,0.0194552529182881,-0.0814814814814816,0.0434782608695652,0.0630042774469515,0.00157965405576177,-0.0606060606060607,4.7,0,0
"67","Aug 2006",-0.00883367839889582,-0.142857142857143,-0.0358785648574057,-0.0894403087951475,0.0152671755725191,-0.120967741935484,-0.0357142857142856,-0.00176736993261906,0.0101726993139342,-0.00689274882823265,4.7,0,0
"68","Sep 2006",-0.134939423478624,-0.0999999999999999,-0.0152671755725191,-0.00115060861139704,0.00751879699248126,-0.169724770642202,-0.0308641975308642,-0.0543796139679729,-0.00686963309914124,0.0319267073847862,4.5,0,0
"69","Oct 2006",-0.0677720540888603,-0.0370370370370371,0.058139534883721,0.106038559476173,0.00373134328358193,0.00552486187845314,-0.0254777070063694,-0.0207459168491618,-0.00825341927369905,0.0371267150928167,4.4,0,0
"70","Nov 2006",0.00397168019340355,0,0.098901098901099,-0.000712602093953851,0.029739776951673,-0.10989010989011,0.0326797385620916,0.0717846290416198,0.0214789569628278,0.00518806744487676,4.5,0,0
"71","Dec 2006",0.0490196078431373,0,-0.01,-0.0151947339550192,-0.0252707581227436,0.0679012345679011,0.0822784810126582,0.00312186419890725,0.0245965238982,0.00670967741935469,4.4,0,0
"72","Jan 2007",-0.122479094933596,-0.076923076923077,0.0303030303030303,-0.0387678939453017,-0.00370370370370376,0.202312138728324,-0.00584795321637432,0.00219120659267369,-0.0160545248012117,0.0335811330428095,4.6,0,0
"73","Feb 2007",0.0754857997010463,-0.0416666666666666,0.0620915032679739,0.0156458248826563,0.00743494423791824,0.096153846153846,0.0705882352941176,0.0532027821347656,0.0066959131840223,-0.00322420634920628,4.5,0,0
"74","Mar 2007",0.0528144544822793,0,-0.00923076923076926,-0.0111827466195014,-0.00738007380073802,-0.0219298245614035,0.054945054945055,-0.01481760060173,0.012691131498471,-0.0124409056979349,4.4,0,0
"75","Apr 2007",0.0735973597359736,-0.0869565217391305,-0.00698757763975155,0.0302925393803013,0,0.0403587443946187,0.03125,0.0373644831271951,0.0201570285369168,-0.0440917107583774,4.5,0,0
"76","May 2007",0.00153704272978783,0,0.0445660672400312,-0.00308019713261654,0.00371747211895923,0.021551724137931,0.0101010101010102,-0.0177517405831874,0.000370014060534274,0.0216130732735897,4.4,0,0
"77","Jun 2007",0.0465009208103131,-0.0476190476190476,0.0808383233532934,0.160159541598787,-0.00740740740740742,-0.059071729957806,0.01,-0.0174581528824684,-0.00717561769492514,0.000773993808049545,4.6,0,0
"78","Jul 2007",0.0793371462091215,0.0999999999999999,0.0401662049861495,0.0749564206856479,-0.00373134328358216,-0.0672645739910314,0.0693069306930694,0.014824756733673,0.0227255793159973,-0.0139211136890951,4.7,0,0
"79","Aug 2007",-0.0471467391304348,0,0.0252996005326231,0.0841891891891893,0.00749063670411987,0.0144230769230769,-0.115740740740741,4.50870179447005e-05,-0.00728544368352035,0.0183006535947712,4.6,0,0
"80","Sep 2007",0.0945387138171967,0,0.106493506493506,0.237899372637002,0,0.0236966824644551,0.0104712041884816,0.070993823357028,0.0208425069719653,0.000513478818998658,4.7,0,0
"81","Oct 2007",0.0678738926524229,0,0.056338028169014,0.0190636012753818,-0.00743494423791824,0.0787037037037037,-0.0103626943005182,0.0588648003928998,0.0232207045291157,0.0115473441108547,4.7,0,0
"82","Nov 2007",0.114310113456143,0,0.0866666666666667,-0.0564173500642229,0.0187265917602997,0.0643776824034334,0.0314136125654449,0.0684468592631857,0.0316166654956791,0.0717909690512428,4.7,0,0
"83","Dec 2007",-0.0199255528793519,0.0909090909090908,0.0306543967280164,0.184048865619546,0.00367647058823528,0,0.0710659898477157,-0.00378294573643401,-0.00844514063883406,-0.0340828402366862,5,0,0
"84","Jan 2008",0.0130697050938338,0.0833333333333335,0.0486319172999463,-0.00916782124222504,0.0146520146520146,0.0564516129032258,0.0426540284360191,0.107569721115538,0.0116079401057765,0.0144572408723351,5,1,2
"85","Feb 2008",0.0297717499173007,0.153846153846154,0.0861116367076631,0.171813637986433,0.0433212996389891,0.0648854961832062,0.136363636363636,0.0367580935251797,0.00210483432916875,-0.0239130434782607,4.9,1,2
"86","Mar 2008",0.090480779526716,-0.0333333333333333,-0.0263932684099579,0.0252367532434559,0.0415224913494809,0,0.0920000000000001,0.0500162636886046,0.0515617589267565,0.0133630289532292,5.1,1,2
"87","Apr 2008",0.0679497250589161,-0.0344827586206895,-0.0174462298250009,-0.190584680914291,0.0498338870431896,0.0179211469534049,-0.043956043956044,-0.060634222401206,0.0150773195876288,0.0266178266178265,5,1,2
"88","May 2008",0.127528503126149,-0.0357142857142857,0.0309773997923912,-0.11757687012391,0.110759493670886,0.073943661971831,0.0268199233716475,-0.0231392421760782,-0.0126951885235496,-0.0304471931493816,5.4,1,2
"89","Jun 2008",0.0724944956372831,0,0.121405355754964,0.0892448512585813,0.0427350427350428,0.055737704918033,0.119402985074627,0.000933990502554494,0.000514337148000532,-0.00196270853778213,5.6,1,2
"90","Jul 2008",0.00996046228710457,0.148148148148148,0.00378042057178862,-0.046886936592819,0.0737704918032787,-0.00621118012422361,-0.0099999999999999,0.0565267737692385,0.0126590412543375,0.0248279252704031,5.8,1,2
"91","Aug 2008",-0.137468945268388,0.032258064516129,-0.125492349941153,0.0157966803593494,-0.0229007633587787,-0.084375,-0.0505050505050506,-0.107196441682539,-0.0510184656386826,0.0191892540177501,6.1,1,2
"92","Sep 2008",-0.130138779785284,-0.0625,-0.0570628768303186,-0.135159126775381,-0.0729166666666666,-0.0341296928327646,-0.0425531914893615,-0.010845857716649,-0.0409896355733869,0.0397740644857614,6.1,1,2
"93","Oct 2008",-0.270620108368453,-0.133333333333333,-0.239038593286138,-0.229157954761452,-0.126404494382023,-0.321554770318021,-0.159259259259259,-0.028086706107744,-0.0750244038488356,-0.00384789497510196,6.5,1,2
"94","Nov 2008",-0.257531985142386,0.0384615384615385,-0.0702978468002101,-0.0427084874488336,-0.122186495176849,-0.140625,-0.0969162995594715,-0.0567305546601869,-0.0393487109905021,-0.00090888434446712,6.8,1,2
"95","Dec 2008",-0.234018899388549,-0.0370370370370371,-0.0333817516677426,-0.0271495543763846,-0.0256410256410255,-0.272727272727273,0.165853658536586,0.0725889125463293,0.0601851851851851,-0.0263816238344327,7.3,1,2
"96","Jan 2009",0.0609579100145137,0.0769230769230771,0.115681090858494,0.118830756195721,-0.00751879699248126,0.241666666666667,0.100418410041841,0.0522001249862147,-0.0197616756716749,0.0373744452230786,7.8,1,2
"97","Feb 2009",-0.0460556315549475,0.0357142857142856,-0.0660231467624465,-0.0760128739113972,-0.037878787878788,-0.0201342281879194,0.00760456273764265,0.0981844437457056,-0.0337511325883418,-0.0207160549425804,8.3,1,2
"98","Mar 2009",0.114961759082218,0.0344827586206897,-0.00453999198824939,0.019875012806065,0.0275590551181102,-0.0205479452054794,-0.0528301886792454,-0.0198621420996818,0.019770258654372,-0.0423085766842953,8.7,1,2
"99","Apr 2009",0.0778135048231512,0,0.0397048960429243,0.00899045705675539,0.0114942528735633,0.132867132867133,0.0199203187250998,-0.0368615231479978,0.0114176245210729,0.0487394957983194,9,1,2
"100","May 2009",0.156523468575974,0.166666666666667,0.0984905173525996,0.13091741749216,0.0303030303030303,0.0432098765432098,-0.03125,0.043192541002022,0.0338662019849989,-0.0196886446886447,9.4,1,2
"101","Jun 2009",0.189165950128977,0.0285714285714287,0.0384525039932349,0.000528192261983307,0.00735294117647056,-0.0118343195266273,0.088709677419355,0.0183276799655414,0.0269676095559137,-0.00747314339093885,9.5,1,2
"102","Jul 2009",-0.0647866955892987,0.138888888888889,-0.0259675631658711,-0.140688927015969,0.0182481751824817,0.0479041916167666,0.0333333333333332,-0.0120972432243805,0.00556586270871984,-0.0134117647058825,9.5,0,0
"103","Aug 2009",0.10762331838565,0.195121951219512,0.155407445252084,-0.0807863615420058,0.00358422939068093,0.177142857142857,0.0609318996415771,0.0162165633730451,0.0123474311666194,0.0205103744335799,9.6,0,0
"104","Sep 2009",-0.0457908697473126,0.0408163265306123,-0.14576005467007,-0.125981620718463,0.00357142857142856,0.0533980582524272,0.060810810810811,0.0497271903768777,0.0216598906490957,-0.00817948118719325,9.8,0,0
"105","Oct 2009",0.0838332114118507,-0.0196078431372549,0.0119291310792686,0.0433314216529661,-0.0213523131672598,0.0829493087557605,0.0732484076433122,0.0467293470735208,0.016878216123499,0.0893025447690858,10,0,0
"106","Nov 2009",0.0468412526997839,-0.02,0.0402948288690477,0.0847737128198867,0.0290909090909091,0.0808510638297872,0.0029673590504451,0.080409524905096,0.00587004925443613,-0.0415314730694355,9.9,0,0
"107","Dec 2009",-0.0344294003868472,0.0612244897959184,0.00433606758901228,-0.0363155227746187,0.0176678445229681,0.102362204724409,0.0355029585798816,0.00681431005110733,-0.0220686879527769,-0.0444594899571203,9.9,0,0
"108","Jan 2010",0.02991452991453,0.115384615384615,-0.0299766329142095,-0.0195139051180182,0.0486111111111112,0.103571428571429,0.00857142857142845,-0.0147701635645798,-0.0214692365731531,0.0588096362777515,9.8,0,0
"109","Feb 2010",-0.0306016597510373,-0.0344827586206895,-0.0551069101587592,-0.045644142533667,0.0629139072847682,0.0129449838187703,-0.0708215297450425,-0.0201706680024329,-0.0410766858264405,-0.0211911666294892,9.8,0,0
"110","Mar 2010",0.0607276618512573,-0.267857142857143,-0.00607002379449328,-0.023101898101898,0.0591900311526479,0.0670926517571886,-0.0579268292682926,0.0163683004537112,-0.00804093567251474,-0.0170920692798542,9.9,0,0
"111","Apr 2010",0.0615384615384618,-0.121951219512195,-0.0165135821770569,0.00236482167966257,0.0764705882352943,0.182634730538922,0.0420711974110033,0.0317513068784021,-0.0112748710390568,0.030605147229307,9.9,0,0
"112","May 2010",-0.101686861487289,-0.0555555555555555,0.000670640834575131,0.00956449658866299,-0.0218579234972678,-0.0708860759493671,-0.0124223602484472,0.0493953982362518,-0.0636505925318626,0.0265466816647917,9.6,0,0
"113","Jun 2010",-0.011769373181698,0.0294117647058822,-0.00382257303844913,-0.0576012126571086,-0.0698324022346368,-0.0272479564032698,0.0157232704402515,0.0228051400744962,-0.027063599458728,-0.00767039228577693,9.4,0,0
"114","Jul 2010",-0.00200722601364922,0.0857142857142859,0.0652829342436398,0.224716842034716,-0.0180180180180181,-0.0840336134453781,0,-0.0324027511922915,0.0481060296162972,-0.0212014134275617,9.4,0,0
"115","Aug 2010",0.0167605256100831,0.0789473684210527,0.0521834725048536,0.20323957535296,0.0428134556574924,0.0152905198776758,-0.0495356037151703,0.0191454940191287,0.00718132854578113,-0.00248194945848379,9.5,0,0
"116","Sep 2010",0.00382434392720565,0.219512195121951,0.0409478925840299,0.0934600691286156,-0.00586510263929618,0.0632530120481927,-0.0618892508143323,0.0453771559700942,0.015500271254747,-0.0217145442207646,9.5,0,0
"117","Oct 2010",0.0735680504466631,0.0800000000000001,0.0587921240336566,-0.0242482219356986,-0.00589970501474923,0.110481586402266,0.0173611111111112,0.0558938771656516,0.06090208349233,0.0640462427745665,9.4,0,0
"118","Nov 2010",0.0343857072931963,0.074074074074074,0.0370318078218599,0.0308610400682012,0.0385756676557862,0.0994897959183674,-0.00682593856655289,0.0207672016810481,-0.0177685058628875,-0.0243372446762278,9.8,0,0
"119","Dec 2010",0.0648290547734534,0.0689655172413794,0.0614606632305748,0.134882566986437,0.108571428571429,0.102088167053364,0.0515463917525774,0.0150815028943929,-0.0317123187344367,0.020935412026726,9.3,0,0
"120","Jan 2011",0.0297744695033884,0.0483870967741935,0.0400732936326156,0.0784449464402828,0.079896907216495,0.162105263157895,0.0326797385620916,-0.0216389198518572,0.0113455865668255,0.0340314136125657,9.1,0,0
"121","Feb 2011",0.0563167547739778,0,-0.00276593495648503,0.0730092232845705,-0.0262529832935562,0.134057971014493,0.0981012658227849,0.0104523470002793,0.0213147857303118,0.0527426160337552,9,0,0
"122","Mar 2011",0.109692574813604,-0.107692307692308,-0.0234961575832523,-0.101448362720403,0.0269607843137256,-0.134185303514377,-0.0230547550432277,0.0353391334710622,0.0266549502050382,-0.0134268537074148,9,0,0
"123","Apr 2011",0.0698573400828346,-0.0689655172413792,0.00692899140660352,0.0766346625551897,0.0334128878281623,0.0793357933579335,-0.0766961651917405,0.0404915475738798,0.0313837375178316,-0.00934389599837504,9.1,0,0
"124","May 2011",-0.0702856159669649,-0.111111111111111,0.000395271120054552,-0.000195280716029256,-0.0392609699769053,-0.124786324786325,-0.0191693290734825,0.0213992936679968,-0.00864453665283538,-0.0539265942177568,9,0,0
"125","Jun 2011",-0.0205422411400018,0.166666666666667,-0.0010416666666665,-0.0712588300400403,-0.0528846153846154,-0.0371093750000001,-0.01628664495114,0.0110936281056209,0.00474363446110915,0.0520156046814044,9.1,0,0
"126","Jul 2011",0.0195559754369392,0.107142857142857,0.000503397936068462,-0.0485103399929899,0,-0.0405679513184583,0.0496688741721854,0.0283713448762881,-0.00888703742275909,0.00164812525751956,9,0,0
"127","Aug 2011",-0.0688472942920683,-0.0161290322580645,-0.0063611859838274,0.0634715980254918,-0.0025380710659898,-0.010570824524313,-0.0347003154574133,0.118429502463837,0.00406304728546414,-0.0143973673385439,9,0,0
"128","Sep 2011",0.00328390884665142,-0.0327868852459017,-0.0379955150462963,-0.0566351449651876,-0.0254452926208651,-0.0277777777777778,-0.0620915032679739,0.0074644260123593,-0.040884671736552,0.00271285475792982,9,0,0
"129","Oct 2011",-0.00962110692322948,-0.0508474576271185,-0.0761913713694896,-0.0761915252992582,0.0234986945169713,-0.107692307692308,-0.0662020905923345,-0.0596510433712912,-0.0010911471593803,0.0840790842872008,8.8,0,0
"130","Nov 2011",0.055683525287932,-0.0535714285714286,-0.0265963941231533,-0.0280217814698518,0.0714285714285714,-0.169950738916256,-0.0559701492537314,0.0435481838421055,-0.0126711331197205,0.00172777884430797,8.6,0,0
"131","Dec 2011",-0.0111943838345507,-0.0377358490566038,0.00978363123236115,-0.034677353398217,0.00476190476190474,0.0029673590504451,-0.130434782608696,-0.0569465209890742,-0.0297241481044402,0.00632426216941373,8.5,0,0
"132","Jan 2012",0.0272474335603952,0.0196078431372548,0.0417158354553548,0.0323646530543082,0.00947867298578209,0.0739644970414202,0.05,0.00858552290590686,-0.0186240973014062,0.00742715673205097,8.3,0,0
"133","Feb 2012",0.0524890258709256,0.0192307692307692,0.0393099884733099,0.00935576528518678,0.011737089201878,0.101928374655647,0.0216450216450215,0.0548774220851849,0.0254066615027113,-0.049149338374291,8.3,0,0
"134","Mar 2012",0.0452568994586922,0,0.0468487073581154,-0.0101227742092852,0.00928074245939681,-0.0175,0,-0.039471120230167,-0.00226620335398109,0.0119284294234592,8.2,0,0
"135","Apr 2012",-0.0349775023346635,-0.0566037735849058,0.0664340773755161,-0.0632469505934535,-0.0137931034482758,-0.0229007633587787,-0.0381355932203389,-0.0159610966914288,-0.00363416111447601,0.0227897838899804,8.2,0,0
"136","May 2012",-0.0842790534001935,-0.08,-0.0108764537622253,0.00346354509184965,-0.0163170163170164,-0.0286458333333333,0.0176211453744493,-0.0364782925054572,-0.0268996960486323,-0.0303495966192855,8.2,0,0
"137","Jun 2012",-0.128350465942934,-0.0217391304347826,0.000917780702361926,0.0571915414190842,-0.0236966824644549,-0.142091152815013,-0.0216450216450218,0.00611690077027638,-0.0206934249570514,-0.0301109350237718,8.2,0,0
"138","Jul 2012",0.066350710900474,0.111111111111111,0.159478209719555,0.284250113650452,-0.0218446601941747,-0.0375,0.0398230088495577,-0.00279591683554758,-0.0209712144167131,0.00674019607843146,8.2,0,0
"139","Aug 2012",0.0880620155038758,-0.08,0.020635939062057,0.0154465004022526,0.0173697270471462,-0.0941558441558442,0.0680851063829786,0.0225931292299393,0.0104251506760058,-0.0168391154392372,8.1,0,0
"140","Sep 2012",0.00959437636553639,-0.0434782608695653,-0.00979503523288783,0.00348597686578977,-0.00975609756097562,0.0896057347670252,0.0438247011952193,0.0702320417589293,0.0386103498307271,0.00969872059430443,7.8,0,0
"141","Oct 2012",-0.0270041400075274,0.0227272727272727,-0.0761235457390894,0.0055581872730146,0.00246305418719239,0.0526315789473684,-0.0610687022900764,0.00101443710203397,0.00690725649980606,0.0480277948089107,7.8,0,0
"142","Nov 2012",-0.0216613480321052,-0.0444444444444445,-0.065791996931731,0.00329763512452486,0.0540540540540539,-0.071875,0.00813008130081294,-0.0142793344707942,-0.0105595806998613,-0.0179407176287053,7.7,0,0
"143","Dec 2012",0.00019768706138179,0,0.0114610239655142,-0.0513992362111061,0.0186480186480187,0.0471380471380469,-0.0282258064516129,-0.0214214353755722,0.0219677494741761,0.0131056393963465,7.9,0,0
"144","Jan 2013",0.0386401818361497,-0.0232558139534884,0.00678178220500936,-0.048937434002112,-0.00228832951945079,0.0610932475884245,-0.0539419087136931,-0.00766281250741951,0.0141016845796174,0.0315562524500195,8,0,0
"145","Feb 2013",0.0241674595623216,-0.0476190476190476,0.0259197043507475,-0.0573540126990735,-0.00229357798165153,-0.0333333333333333,-0.0350877192982455,-0.0264856296916589,0.00323211064341544,-0.0150104503135093,7.7,0,0
"146","Mar 2013",-0.047565960609439,0.0249999999999999,-0.0426211255382902,-0.0306978798586574,-0.0137931034482758,-0.0658307210031348,-0.0227272727272728,-0.0211849567146114,-0.0295197422641793,-0.0183256172839505,7.5,0,0
"147","Apr 2013",-0.0357978930940305,-0.048780487804878,-0.0356080041046691,0.00315181894129268,-0.00466200466200473,-0.0369127516778524,0.0651162790697675,-0.0660540208023401,0.00555855786304349,0.000786009039103863,7.6,0,0
"148","May 2013",0.00526049570055642,0,-0.11681563453217,0.0449710413748723,-0.0398126463700234,0.0592334494773519,0.0218340611353711,-0.0496216041831893,-0.00322456813819572,-0.0514431572746906,7.5,0,0
"149","Jun 2013",0.00372345778403926,-0.0256410256410257,0.0535129816670348,-0.03332729577975,-0.0414634146341463,-0.0756578947368421,-0.0256410256410257,-0.0499847952306529,0.0164830932758222,0.036017387704409,7.5,0,0
"150","Jul 2013",0.0553438941247244,-0.0263157894736842,-0.0254641100903441,-0.0351508338017613,0.00254452926208648,-0.0889679715302492,0.0131578947368423,-0.0430490936837011,-0.00825945290596353,-0.032967032967033,7.3,0,0
"151","Aug 2013",0.0275508265247957,0.027027027027027,0.00080187756698602,0.0056705635608032,0.00253807106598991,0.00390625,0.0735930735930737,0.0515122285145311,0.0172677261613692,0.0400826446280991,7.2,0,0
"152","Sep 2013",0.00554733727810652,0,0.0947216196673897,-0.00552272815046539,0.0101265822784811,0.0272373540856032,0.0564516129032258,-0.0023229319247785,0.00375544539582395,-0.047477155343663,7.2,0,0
"153","Oct 2013",-0.0306178742184626,0.0789473684210527,-0.034506765682459,0.0801941747572814,0.0125313283208019,-0.0416666666666667,0.0419847328244274,-0.0237431410351475,0.0211014666267584,0.0312825860271118,7.2,0,0
"154","Nov 2013",-0.0265579057194348,-0.048780487804878,0.0193584173060923,-0.0660435017077117,0.0247524752475248,-0.0158102766798417,0.0109890109890109,-0.0309286180862538,-0.0113586398944746,-0.0121334681496462,6.9,0,0
"155","Dec 2013",0.0277696579947384,-0.076923076923077,0.0230537618805773,-0.0526214489183153,0.00966183574879231,0.0281124497991967,0.0217391304347827,-0.0425987177276503,0.0160847972722555,0.0184237461617196,6.7,0,0
"156","Jan 2014",-0.0320439893818735,-0.0555555555555555,0.00260624434870493,-0.0655397992767462,0,-0.0859375000000001,0,0.0186326759502582,-0.00656550919171295,0.00944723618090459,6.6,0,0
"157","Feb 2014",0.0267384916748286,0.088235294117647,-0.132219274977896,0.0557439777371946,0.0239234449760768,-0.0726495726495726,0.0602836879432624,0.0444517668994671,0.00345131443677493,-0.00856232576662685,6.7,0,0
"158","Mar 2014",-0.00753601068396448,0.0540540540540542,0.0816742404173372,0.135131795716639,0.044392523364486,0.0552995391705069,0.0167224080267558,0.02808599701442,0.0119282839370656,-0.0275155653745733,6.7,0,0
"159","Apr 2014",0.00797770088427519,0,-0.0275616510615851,0.00279380283734265,-0.0268456375838927,-0.0611353711790393,0.0032894736842104,-0.0281644811687922,-0.00130170668209428,0.0349029326724495,6.2,0,0
"160","May 2014",0.00800991704014486,0.0256410256410258,0.00627688015808436,0.04171792459657,0.00689655172413794,-0.0604651162790697,-0.00655737704918036,-0.00747814702144867,-0.00514120202751633,-0.0199560965875076,6.3,0,0
"161","Jun 2014",0.025163182291174,0,-0.0159408571098533,-0.0912090583863014,0.0365296803652968,0.00990099009900991,0.0462046204620463,-0.00748017443394333,-0.0104811121624572,-0.0447973936061902,6.1,0,0
"162","Jul 2014",-0.0289748085263449,0,-0.0770825996791485,-0.0882858780814063,0.138766519823789,-0.0196078431372549,0.0094637223974765,0.0246188726448284,-0.00456050018389109,0.0059688765721595,6.2,0,0
"163","Aug 2014",-0.0492255060344009,-0.05,-0.0279179208886251,-0.0393628170194928,0.119922630560928,-0.07,0.0218749999999999,-0.0117962139189218,-0.0161087711519988,0.00678109769018853,6.1,0,0
"164","Sep 2014",-0.0419790104947526,-0.0789473684210527,-0.061931657107966,-0.0785041019375109,0.0656303972366148,-0.102150537634409,-0.018348623853211,-0.0452309806737549,-0.0319939917386406,0.0496737528941276,5.9,0,0
"165","Oct 2014",-0.101930099113198,0.0571428571428572,-0.0101355278145849,-0.00213098451484584,-0.0356564019448946,-0.0239520958083833,-0.0342679127725857,-0.011370344911245,-0.0164481340678096,-0.0206536996190094,5.7,0,0
"166","Nov 2014",-0.105599442379182,-0.0270270270270271,0.0565745285455954,0.0250094912680334,-0.0184873949579832,0.00613496932515334,-0.0612903225806452,-0.0385770026748685,-0.0160921353632563,-0.00429975429975427,5.8,0,0
"167","Dec 2014",-0.211585920249383,-0.0555555555555555,-0.00351189153145137,0.0873651557942499,-0.065068493150685,-0.0182926829268292,0.0137457044673539,0.0215173610815687,-0.0115449370640583,0.0366029200082254,5.6,0,0
"168","Jan 2015",-0.223887973640857,0,-0.0337036045681657,-0.0929915694456271,-0.0293040293040293,0.031055900621118,-0.0101694915254238,0.0417534273958455,-0.0579122394354774,0.00952192025391785,5.7,0,0
"169","Feb 2015",0.16302271279983,-0.0588235294117647,-0.0222986542323583,-0.0529527743873814,-0.0792452830188679,0.0963855421686748,0.0136986301369864,-0.0189246452128723,-0.0228153250107619,-0.0263313028099824,5.5,0,0
"170","Mar 2015",-0.0357729512684797,-0.0937500000000001,-0.0324873096446701,0.00470903142658852,-0.0327868852459017,-0.043956043956044,-0.0270270270270271,-0.0394839782247285,-0.0467841409691629,-0.0133198789101917,5.4,0,0
"171","Apr 2015",0.0891538898353208,0,-0.0367505307596574,-0.0333514233558636,0.0211864406779663,-0.0229885057471264,-0.0034722222222221,0.0172233864741267,0.000277289952860693,-0.0200449989772959,5.4,0,0
"172","May 2015",0.086374695863747,0,-0.0165429534111925,-0.0138314704231103,-0.066390041493776,0.0823529411764707,0.0801393728222997,-0.000250223115611403,0.0318795047126224,-0.0198288457524527,5.6,0,0
"173","Jun 2015",-0.0191969284914413,-0.0689655172413792,0.00844925296239052,0.0342614636166028,-0.0133333333333332,-0.0108695652173914,0.0451612903225806,-0.0142913159190077,0.00528342437539187,-0.0161839863713799,5.3,0,0
"174","Jul 2015",-0.113684553906377,0.037037037037037,0.0367579442117094,-0.00310248198558849,0.0472972972972974,-0.098901098901099,0.0277777777777777,-0.0450190435886585,-0.0203990735791912,-0.0333333333333333,5.2,0,0
"175","Aug 2015",-0.159182922340817,-0.107142857142857,-0.0667455096459458,-0.129003112137336,0.0258064516129031,-0.115853658536585,-0.0540540540540541,-0.00919959940087378,0.0126398108575065,0.0293327362292879,5.1,0,0
"176","Sep 2015",0.0129131100897353,0.04,-0.0298062199693753,-0.0544605809128632,-0.0398322851153039,-0.0689655172413792,0.0412698412698413,0.00611845106580899,0.0083512931034484,0.0422014357189471,5,0,0
"177","Oct 2015",0.0146931719965429,0.192307692307692,0.0230210345859752,0.00841104406655702,-0.074235807860262,-0.0148148148148148,-0.0243902439024389,0.0306551561652604,-8.90551251224725e-05,-0.034439574201628,5,0,0
"178","Nov 2015",-0.081984667802385,0.032258064516129,-0.0211464290464157,-0.0462375339981866,-0.0495283018867925,-0.0676691729323309,0.0499999999999998,-0.0628078499029544,-0.0446205913786961,0.0125378296584522,5.1,0,0
"179","Dec 2015",-0.151704940848991,0,0.00114130434782611,0.038593155893536,-0.0570719602977668,0.0241935483870968,-0.00297619047619047,-0.00984868009278017,0.0151020788664118,0.00875320239111854,5,0,0
"180","Jan 2016",-0.185671315285753,-0.03125,0.0126486075674501,0.00439319055464038,-0.0447368421052632,-0.031496062992126,-0.119402985074627,0.0206090691059178,-0.00312241711819272,0.0397883597883599,4.8,0,0
"181","Feb 2016",0.0419744795164541,-0.0645161290322581,0.00179586147743116,-0.0323795638175082,0.0633608815426998,0.032520325203252,-0.0101694915254238,0.0925303531254837,0.0218332565637955,-0.0126195807042541,4.9,0,0
"182","Mar 2016",0.203351595230422,0.172413793103448,0.0193177257525083,0.0300100452034153,0.0440414507772022,0.149606299212598,0.0513698630136985,0.0380491871613173,0.00378651280201936,-0.000206143063286035,5,0,0
"183","Apr 2016",0.0913229780396356,0,0.0371945297529988,-0.0040838717542363,-0.0173697270471465,0.171232876712329,0.00325732899022801,-0.00231299291645926,0.0190407760014371,0.0134020618556703,5.1,0,0
"184","May 2016",0.127361963190184,0.117647058823529,0.0693678190008604,-0.0356814982557071,0.0202020202020201,-0.0467836257309941,0.00649350649350655,0.0150451596284191,-0.00299665080204481,-0.0231943031536114,4.8,0,0
"185","Jun 2016",0.0380931649978233,0.131578947368421,0.0824754466926989,-0.00545823813150559,0.0173267326732673,-0.0858895705521472,0.00645161290322571,0.0122526666402316,-0.00707213578500709,-0.0189543845032285,4.9,0,0
"186","Jul 2016",-0.0746487733277416,0,-0.0575426322693485,-0.146713465220166,0.0364963503649633,0.0671140939597317,-0.0224358974358976,0.047210905672203,-0.0157585470085471,-0.00403397027600849,4.8,0,0
"187","Aug 2016",0.016995241332427,0.0232558139534884,-0.0438665676904518,-0.0434522474010919,-0.00469483568075102,-0.0251572327044025,-0.00655737704918036,0.00262594825909357,0.0137494346449571,0.00405030910253679,4.9,0,0
"188","Sep 2016",0.00356506238859167,0.0681818181818181,-0.0209622243249146,-0.0363565285379203,-0.0283018867924528,0.0129032258064516,-0.0495049504950494,-0.0101181193430685,0.000981529401266945,-0.00318471337579607,5,0,0
"189","Oct 2016",0.094360568383659,0.0425531914893618,-0.00411369662726435,-0.00559837728194723,-0.0194174757281553,0.0573248407643312,-0.0590277777777778,-0.0452732905676875,-0.0181850597254413,0.00362087326943539,4.9,0,0
"190","Nov 2016",-0.0817610062893082,-0.0816326530612245,-0.0102271878965835,-8.15926892950847e-05,0.0643564356435644,0.126506024096386,-0.084870848708487,-0.0222652086376377,-0.0201561648810604,-0.020585738539898,4.7,0,0
"191","Dec 2016",0.16261599646487,-0.088888888888889,0.0460327835880934,0.00244798041615657,-0.0372093023255814,0.192513368983957,-0.0725806451612904,-0.0654015423749345,-0.0228873239436619,0.0145178764897076,4.7,0,0
"192","Jan 2017",0.0184340554922084,0.0975609756097562,-0.00978200783521999,0.116402116402117,-0.0169082125603863,0.147982062780269,-0.0478260869565217,0.030016589479505,0.00853485064011372,0.0324647586501494,4.7,0,0
"193","Feb 2017",0.0141817503265533,0,-0.0424029126213593,0.0744440393729493,0.0393120393120394,0.05859375,-0.0730593607305937,0.035315829208959,0.00141043723554302,0.00744724865535806,4.6,0,0
"194","Mar 2017",-0.063477460901564,-0.111111111111111,-0.0275010772311357,-0.00631107491856686,0.028368794326241,-0.132841328413284,0.0147783251231528,-0.00225247123642847,0.0038497652582159,-0.024435318275154,4.4,0,0
"195","Apr 2017",0.0247544204322201,-0.1,0.00979983319432853,-0.0547701973639282,0.0137931034482759,-0.0595744680851065,-0.0485436893203884,0.028796024102256,0.00215134225049107,-0.0193643443485583,4.5,0,0
"196","May 2017",-0.0435199386503067,-0.0277777777777778,0.00588478215981847,0.0580160393035185,0.0430839002267573,-0.0497737556561085,0.010204081632653,-0.0164498610760294,0.0313608362889677,-0.00600987336338266,4.4,0,0
"197","Jun 2017",-0.0745640408899579,-0.114285714285714,-0.0285589654110645,0.073818628789948,0.0173913043478262,-0.180952380952381,0.0101010101010102,0.0114121537029308,0.0165610859728507,-0.000431872165839065,4.3,0,0
"198","Jul 2017",0.0322720381199912,0.032258064516129,0.0835732586703295,0.109888712241653,-0.00213675213675213,0.0174418604651163,-0.005,-0.0185834669036549,0.0264399537078253,-0.00496867573990056,4.3,0,0
"199","Aug 2017",0.0478388585816198,0,-0.0423177242034957,-0.20328883286541,-0.0428265524625268,0.0514285714285714,0,0.0373532550693703,0.024544666088465,0.0178028658271818,4.4,0,0
"200","Sep 2017",0.0602723267921508,0,0.00274900094178743,-0.00460266091334061,-0.0380313199105146,0.0108695652173914,0.00502512562814061,0.0241847487217857,0.00846525014814192,-0.00853242320819114,4.2,0,0
"201","Oct 2017",0.037204910292729,0,0.006523670516563,-0.0366303012788093,-0.0116279069767441,-0.118279569892473,0.05,-0.0262999687992268,-0.0132628221270881,0.0075301204819278,4.1,0,0
"202","Nov 2017",0.0912235979606699,0.03125,-0.006733582164834,0.035323233838308,0.0188235294117647,-0.0426829268292682,0.0142857142857142,0.00186790255644742,-0.0010208421948108,-0.0247704462951099,4.2,0,0
"203","Dec 2017",0.0210245286167194,-0.0303030303030303,-0.0170115526215565,0.0655559579862368,-0.0115473441108545,0.0509554140127388,-0.0985915492957746,-0.013612606287542,0.00791961168355626,0.0418217648346835,4.1,0,0
"204","Jan 2018",0.0823663997385196,-0.03125,0.006147488053726,0.0631543167912985,0.00467289719626152,0.0424242424242425,0.015625,0.0528688362529162,0.0305001689760054,0.00588482555695657,4,0,0
"205","Feb 2018",-0.0418239468518798,-0.0322580645161291,0.0686725027597361,0.101668904661423,0.0116279069767442,0,0.0871794871794873,-0.000428152933223069,0.0117241944740509,-0.0242373589636439,4.1,0,0
"206","Mar 2018",0.011188150015758,-0.0666666666666665,0.0332228307869704,0.0500899645945789,0.0206896551724141,0.0232558139534884,0.179245283018868,-0.00456140614549905,-0.000486223662884866,0.0331905781584583,4,0,0
"207","Apr 2018",0.0719962599345489,-0.0357142857142857,0.0208318802166887,-0.00298474463851417,-0.0135135135135136,-0.0170454545454546,0.048,0.00762459801005533,-0.00518890870763744,-0.0240414507772022,4,0,0
"208","May 2018",0.0674516644861172,0,-0.0199284852073701,0.0683002550171858,-0.0136986301369862,-0.0173410404624278,0.0152671755725191,-0.0234574005813779,-0.0364303178484109,-0.0256954767466553,3.8,0,0
"209","Jun 2018",-0.0197466975350674,0.037037037037037,-0.0833798103736754,0.00197197716658026,-0.0185185185185185,-0.0823529411764705,-0.0939849624060151,-0.0167862211822472,-0.0121796498350673,0.0148212728857888,4,0,0
"210","Jul 2018",0.00958599611003064,-0.0714285714285715,-0.0437835919277964,0.0193184172363787,-0.0117924528301886,-0.0576923076923077,-0.0207468879668051,-0.0342236475572929,0.000513742614949964,0.0201890034364263,3.8,0,0
"211","Aug 2018",-0.0218797302876015,-0.076923076923077,-0.00106052973460258,0.0735734972816422,-0.0190930787589499,0,-0.0805084745762712,-0.0290859732893812,-0.0118100128369705,-0.0185263157894737,3.8,0,0
"212","Sep 2018",0.060213843556556,0.0416666666666667,-0.0528173686864665,-0.0953665578115387,-0.0243309002433091,-0.0204081632653061,0.00921658986175111,-0.00276272977673475,0.0103923096908287,0.0197340197340197,3.7,0,0
"213","Oct 2018",0.0181794055201698,0.16,0.0310757418667862,-0.0140211363398555,-0.0374064837905237,-0.00694444444444442,-0.0273972602739726,0.0141856991463547,-0.0153424187880347,0.0231384097602021,3.8,0,0
"214","Nov 2018",-0.187801381467483,-0.0344827586206895,0.016523535166866,-0.0366656054335137,0.0233160621761659,-0.0559440559440558,0.028169014084507,0.00432782892734029,-0.0107938718662952,-0.0160361842105263,3.8,0,0
"215","Dec 2018",-0.134146341463415,0,0.0173510854454069,0.038501790140457,0.0607594936708862,0.0666666666666667,0.00913242009132431,0.0243722606807848,0.00140795494544155,0.00543251149185142,3.9,0,0
"216","Jan 2019",0.0485544848035582,0,0.00478280293275191,0.0015911742866237,0.0119331742243436,0.104166666666667,0.0226244343891402,0.0330694177863082,0.00333919156414764,0.0207813798836243,4,0,0
"217","Feb 2019",0.0804171085189114,0.0357142857142856,-0.00528311756244293,-0.0578267316246559,0.00943396226415105,0.0377358490566038,0,0.0219237468550415,-0.00604308985811863,0.0140472312703583,3.8,0,0
"218","Mar 2019",0.0435138230001635,-0.0344827586206895,-0.0283963926064208,-0.0753709532374101,0.0467289719626169,0.0424242424242425,-0.0265486725663715,-0.0145219571689379,-0.00467001497929342,-0.0381449508130897,3.8,0,0
"219","Apr 2019",0.075090139520301,0,-0.0262224988498904,-0.0333110449212813,0.0491071428571428,0,0.0590909090909091,-0.0115227919132908,-0.00548866855524077,0.00626174076393227,3.7,0,0
"220","May 2019",-0.0255176436278799,-0.0357142857142857,-0.0556636282792351,-0.00471609130352768,-0.021276595744681,0.0290697674418605,-0.00429184549356232,-0.00171862727562588,-0.00418372796866651,0.00601534951254923,3.7,0,0
"221","Jun 2019",-0.105790812509352,0.037037037037037,0.0563255937141343,0.103740207227698,0.00652173913043486,0.0903954802259888,0.038793103448276,0.0586897250136325,0.0096540627514079,-0.044742268041237,3.6,0,0
"222","Jul 2019",0.0287817938420347,0,0.0296141523889122,-0.0619347452776188,0,-0.134715025906736,0.00414937759336098,0.03962355780551,-0.00743691899070387,0.00884955752212391,3.6,0,0
"223","Aug 2019",-0.0619713728041639,-0.0357142857142857,-0.0234049461550949,-0.0886014156700023,-0.00647948164146872,-0.101796407185629,-0.0950413223140496,0.0619439588361443,-0.00731424493800725,0.00171159606332916,3.7,0,0
"224","Sep 2019",0.0410958904109588,-0.0370370370370371,0.014240988557338,-0.018679700053562,0.0108695652173914,0,0.0547945205479452,0.0067781473064028,-0.010602929283853,0.025630072618539,3.5,0,0
"225","Oct 2019",-0.0461359093937375,0.0769230769230771,0.0425601660884529,0.0453708125810193,0.0451612903225806,-0.0466666666666667,0.0562770562770563,-0.0104396986587934,0.00426845881391325,0.028738025822574,3.6,0,0
"226","Nov 2019",0.0546533961934694,0,-0.0158784226385432,0.0281294870121394,0.222222222222222,0.0769230769230771,0.0327868852459017,-0.016068931837491,-0.000633025863628123,-0.001012145748988,3.6,0,0
"227","Dec 2019",0.048841059602649,0.0714285714285714,0.000878617641577373,0.049006538437123,-0.0639730639730641,0.0779220779220779,-0.0317460317460317,0.0056704220180992,0.0057008415528006,-0.03951367781155,3.6,0,0
"228","Jan 2020",-0.0271507498026835,0.0333333333333334,0.0296073632687806,0.0786081694402421,-0.0935251798561151,0.0120481927710843,0.0655737704918034,0.0551270003312758,-0.0014396256973187,0.0177215189873416,3.5,0,0
"229","Feb 2020",-0.134350154145708,0.0645161290322582,-0.0295052318821858,-0.0337185816876123,-0.0634920634920636,-0.0416666666666665,0.0461538461538462,0.0233425387814208,-0.0168498828617768,0.0124378109452736,3.5,0,0
"230","Mar 2020",-0.396438612933458,-0.212121212121212,-0.00803982642493939,-0.00789641758114146,-0.0529661016949152,-0.0683229813664596,-0.139705882352941,-0.00323711727506093,0.012372834753918,0.00696150696150699,4.4,1,3
"231","Apr 2020",-0.346583850931677,-0.115384615384615,-0.0304608035211079,0.0519693334113653,-0.00447427293064873,-0.113333333333333,-0.0299145299145298,0.0573140778803087,-0.0158428390367554,0.00467669784465219,14.8,1,3
"232","May 2020",0.443916349809886,0.0434782608695652,-0.00578530698112156,-0.0267037552155772,0.141573033707865,0.0150375939849625,0.0220264317180616,0.0194513923133135,0.00331156287370082,-0.00141671726371173,13.3,1,3
"233","Jun 2020",0.298880842659645,0.125,0.0289834897123924,-0.0298942555015719,0.00393700787401574,0.037037037037037,-0.0387931034482758,0.00950516052706729,0.0322728522966902,0.0312119983785974,11.1,1,3
"234","Jul 2020",0.0661429295489102,0,0.0310893446615077,0.00500824888050899,-0.0784313725490196,0.0571428571428572,-0.0582959641255605,0.065978917227604,0.020339284128253,-0.0373427672955976,10.2,1,3
"235","Aug 2020",0.0325647729973852,0.074074074074074,0.00913218043928943,0.0211643313595593,-0.0148936170212767,0.148648648648649,0.119047619047619,0.0661355746787182,0.0298572423398329,0.0106165781951819,8.4,1,3
"236","Sep 2020",-0.0653775322283608,-0.0344827586206895,0.101053179040437,0.172005970834769,-0.00647948164146872,0.0941176470588236,0.0468085106382978,-0.0237271605126408,-0.00388809060941586,-0.00121212121212122,7.8,1,3
"237","Oct 2020",-0.0172413793103449,0.0714285714285714,0.07283720271132,-0.00347800529048681,-0.0391304347826087,0.17741935483871,-0.0691056910569106,-0.0112647768897769,-0.00144251166737386,-0.00384304207119746,6.9,1,3
"238","Nov 2020",0.0601503759398496,0.0333333333333334,0.100671436433682,0.0359828933785578,-0.00452488687782793,0.0502283105022832,0.0305676855895196,-0.0178764070368947,0.00492861998640381,-0.0160406091370557,6.7,1,3
"239","Dec 2020",0.152009456264775,0,0.0219208768350734,0.0311269276393831,0,0.0130434782608697,0.0211864406779663,-0.0042222579435246,0.0289193302891932,0.0167148163433759,6.7,1,3
"240","Jan 2021",0.0999384362815514,0.0967741935483872,0.127921086624653,0.094933505130919,0.0136363636363634,-0.0128755364806868,-0.00829875518672196,0.00460606321498913,0.00082182774490458,0.0176578039374875,6.3,1,3
"241","Feb 2021",0.127985074626866,0.0588235294117645,-0.00260281103591875,0.0120618643355468,0.0448430493273544,0.0217391304347827,0.00836820083681999,-0.031500069631169,-0.00689768434882576,-0.0153570003988831,6.2,1,3
